rank,country,city,population_2025,population_2024
1,Japan,Tokyo,37036200,37115000
2,India,Delhi,34665600,33807400
3,China,Shanghai,30482100,29867900
4,Bangladesh,Dhaka,24652900,23935700
5,Egypt,Cairo,23074200,22623900
6,Brazil,Sao Paulo,22990000,22806700
7,Mexico,Mexico City,22752400,22505300
8,China,Beijing,22596500,22189100
9,India,Mumbai,22089000,21673100
10,Japan,Osaka,18921600,18967500
11,China,Chongqing,18171200,17773900
12,Pakistan,Karachi,18076800,17648600
13,DR Congo,Kinshasa,17778500,17032300
14,Nigeria,Lagos,17156400,16536000
15,Turkey,Istanbul,16236700,16047400
16,India,Kolkata,15845200,15570800
17,Argentina,Buenos Aires,15752300,15618300
18,Philippines,Manila,15230600,14942000
19,China,Guangzhou,14878700,14590100
20,Pakistan,Lahore,14825800,14407100
21,China,Tianjin,14704100,14470900
22,India,Bangalore,14395400,14008300
23,Brazil,Rio de Janeiro,13923200,13824300
24,China,Shenzhen,13545400,13311900
25,Russia,Moscow,12737400,12712300
26,India,Chennai,12336000,12053700
27,Colombia,Bogota,11795800,11658200
28,Indonesia,Jakarta,11634100,11436000
29,Peru,Lima,11517300,11361900
30,Thailand,Bangkok,11391700,11233900
31,France,Paris,11346800,11276700
32,India,Hyderabad,11337900,11068900
33,China,Nanjing,10174900,9947550
34,Angola,Luanda,10027900,9651030
35,South Korea,Seoul,10025800,10004800
36,China,Chengdu,9998870,9828110
37,United Kingdom,London,9840740,9748030
38,Vietnam,Ho Chi Minh City,9816320,9567660
39,Iran,Tehran,9729740,9616010
40,Japan,Nagoya,9534790,9556880
41,China,Xi-an,9222080,9013840
42,India,Ahmedabad,9061820,8854440
43,Malaysia,Kuala Lumpur,9000280,8815630
44,China,Wuhan,8986480,8850850
45,China,Suzhou,8592820,8350620
46,China,Hangzhou,8591040,8419840
47,India,Surat,8581730,8330530
48,Tanzania,Dar es Salaam,8561520,8161230
49,Iraq,Baghdad,8141120,7921130
50,China,Shenyang,7974270,7830380
51,Saudi Arabia,Riyadh,7952860,7820550
52,United States,New York City,7936530,8097282
53,China,Foshan,7817160,7704940
54,China,Dongguan,7772860,7675150
55,Hong Kong,Hong Kong,7768510,7725860
56,India,Pune,7525720,7345850
57,China,Haerbin,7066860,6938010
58,Chile,Santiago,6999460,6950950
59,Spain,Madrid,6810530,6783240
60,Sudan,Khartoum,6754180,6542070
61,Canada,Toronto,6491290,6431430
62,South Africa,Johannesburg,6444580,6324350
63,Brazil,Belo Horizonte,6351680,6300410
64,China,Dalian,6347380,6217490
65,China,Qingdao,6217970,6104600
66,Singapore,Singapore,6157270,6119200
67,China,Zhengzhou,6156140,6014890
68,China,Ji nan Shandong,6065850,5940700
69,Ivory Coast,Abidjan,6056880,5866700
70,Ethiopia,Addis Ababa,5956680,5703630
71,Myanmar,Yangon,5813190,5709680
72,Egypt,Alexandria,5807050,5696130
73,Kenya,Nairobi,5766990,5541170
74,Spain,Barcelona,5733250,5711920
75,Bangladesh,Chittagong,5653490,5513610
76,Vietnam,Hanoi,5602200,5431800
77,Russia,Saint Petersburg,5597340,5581710
78,Mexico,Guadalajara,5578580,5499680
79,Turkey,Ankara,5550490,5477090
80,Japan,Fukuoka,5465920,5478080
81,Australia,Melbourne,5391890,5315600
82,Mexico,Monterrey,5272360,5195360
83,Australia,Sydney,5248790,5184900
84,China,Urumqi,5132170,5005960
85,China,Changsha,5128270,5027980
86,South Africa,Cape Town,5063580,4977830
87,Saudi Arabia,Jiddah,5021600,4943210
88,Brazil,Brasilia,4990930,4935270
89,China,Kunming,4955680,4861080
90,China,Changchun,4891020,4802450
91,Afghanistan,Kabul,4877020,4728380
92,Cameroon,Yaounde,4854260,4681770
93,China,Hefei,4830170,4727290
94,China,Ningbo,4770300,4659830
95,China,Shantou,4737590,4656520
96,Nigeria,Kano,4645320,4490730
97,Israel,Tel Aviv,4568530,4495730
98,Taiwan,New Taipei,4563850,4534880
99,China,Shijiazhuang,4534990,4454130
100,India,Jaipur,4411110,4308510
101,India,Kozhikode,4387410,4243960
102,China,Nanning,4383600,4291460
103,Canada,Montreal,4377310,4341640
104,Italy,Rome,4347100,4331970
105,Cameroon,Douala,4346420,4203110
106,Brazil,Recife,4344050,4305130
107,India,Malappuram,4343910,4184920
108,China,Taiyuan Shanxi,4305290,4226780
109,Brazil,Fortaleza,4284450,4246400
110,Brazil,Porto Alegre,4268960,4239870
111,Uganda,Kampala,4265160,4050830
112,South Africa,Ekurhuleni,4262130,4190830
113,Madagascar,Antananarivo,4228980,4048670
114,Nigeria,Abuja,4209940,4025740
115,China,Changzhou,4180040,4085500
116,Colombia,Medellin,4172810,4137390
117,Nigeria,Ibadan,4144130,4004320
118,India,Lucknow,4132670,4038210
119,China,Nanchang,4104120,4016040
120,China,Wenzhou,4093180,4009530
121,China,Xiamen,4077760,4007470
122,China,Fuzhou Fujian,4072430,3998750
123,Ghana,Kumasi,4036230,3903480
124,Brazil,Salvador,4029910,3994980
125,China,Tangshan Hebei,4024170,3925210
126,Morocco,Casablanca,4012310,3950410
127,Indonesia,Bekasi,3926050,3830680
128,Pakistan,Faisalabad,3892830,3800190
129,Brazil,Curitiba,3889140,3852460
130,Nigeria,Port Harcourt,3793780,3636550
131,United States,Los Angeles,3770958,3795936
132,China,Guiyang,3736730,3661450
133,India,Thrissur,3719980,3605240
134,Senegal,Dakar,3658640,3540460
135,Dominican Republic,Santo Domingo,3648110,3587400
136,Paraguay,Asuncion,3627220,3568830
137,India,Kochi,3604550,3507050
138,Germany,Berlin,3580190,3576870
139,China,Wuxi,3559030,3498740
140,Yemen,Sanaa,3527430,3407810
141,Burkina Faso,Ouagadougou,3520820,3358930
142,Brazil,Campinas,3491580,3458440
143,South Korea,Busan,3484430,3477420
144,India,Indore,3482830,3393380
145,Zambia,Lusaka,3470870,3324220
146,Iran,Mashhad,3460660,3415530
147,Mexico,Puebla,3443290,3394340
148,China,Lanzhou,3430880,3365910
149,Kuwait,Kuwait City,3405000,3353600
150,India,Kanpur,3345370,3286140
151,South Africa,Durban,3301090,3262130
152,Ecuador,Guayaquil,3244750,3193270
153,Guatemala,Guatemala City,3229740,3159630
154,Indonesia,Depok,3218290,3133300
155,North Korea,Pyongyang,3209300,3183140
156,Mali,Bamako,3180340,3050570
157,India,Nagpur,3170180,3106340
158,Italy,Milan,3167450,3160630
159,China,Handan,3159030,3086000
160,India,Coimbatore,3158720,3083720
161,DR Congo,Mbuji-Mayi,3158340,3022860
162,Greece,Athens,3155320,3154590
163,Turkey,Izmir,3152090,3120340
164,China,Huaian,3152050,3071050
165,Indonesia,Surabaya,3137620,3088750
166,Haiti,Port-au-Prince,3133080,3060170
167,United Arab Emirates,Dubai,3094640,3051020
168,China,Zhongshan,3093870,3051060
169,India,Thiruvananthapuram,3072530,2984150
170,China,Weifang,3064290,2994540
171,DR Congo,Lubumbashi,3061340,2933960
172,Portugal,Lisbon,3028270,3014610
173,Ukraine,Kiev,3018160,3020230
174,Venezuela,Caracas,3015110,2991730
175,Algeria,Algiers,3004130,2952120
176,South Africa,Pretoria,2955410,2889900
177,China,Shaoxing,2951330,2882170
178,Japan,Shizuoka,2930170,2935530
179,Brazil,Goiania,2927080,2890420
180,Colombia,Cali,2916790,2890430
181,China,Yantai,2898490,2834510
182,China,Huizhou,2890880,2827610
183,China,Zibo,2876180,2828440
184,South Korea,Incheon,2873700,2861690
185,Somalia,Mogadishu,2846420,2726820
186,United Kingdom,Manchester,2832580,2811760
187,Republic of the Congo,Brazzaville,2813480,2724570
188,Syria,Damascus,2799960,2685360
189,Ghana,Accra,2788380,2721160
190,Taiwan,Taipei,2779200,2766330
191,Indonesia,Bandung,2758100,2714220
192,China,Luoyang,2725560,2666740
193,Mexico,Toluca de Lerdo,2719520,2674340
194,Canada,Vancouver,2707920,2682510
195,United Kingdom,Birmingham,2704620,2684810
196,India,Patna,2689540,2633240
197,India,Bhopal,2686290,2624860
198,Uzbekistan,Tashkent,2665080,2633660
199,Japan,Sapporo,2653580,2660950
200,Indonesia,Tangerang,2626610,2570980
